files,pop
images/0017_cu_2.jpg,0
images/0024_makro.JPG,4
images/0026_makro.jpg,0
images/0028_makro.JPG,5
images/0029_1_Bali.JPG,5
images/0041_cu_1.jpg,0
images/0053_Makro.png,0
images/0055_cu_2.jpg,0
images/0062_cu_1.jpg,4
images/0070_cu_1.jpg,4
images/0079_cu_2.jpg,0
images/0094_cu_1.jpg,0
images/0095_cu_2.jpg,0
images/0124_cu_1.jpg,4
images/0132-makro.jpg,0
images/0133_cu_2.jpg,0
images/0151_cu_2.jpg,0
images/0177_cu_1.jpg,0
images/0177_cu_2.jpg,0
images/0185_cu_2.jpg,0
images/0210_cu_1.jpg,0
images/0242_cu_2.jpg,5
images/0247_cu_1.jpg,4
images/0286_cu_2.jpg,4
images/0315_cu_2.jpg,0
images/0330.jpg,5
images/0354_cu_2.jpg,0
images/0413_cu_1.jpg,4
images/0434_cu_1.jpg,5
images/0434_cu_2.jpg,0
images/0453_cu_2.jpg,4
images/0463_cu_1.jpg,4
images/0463_cu_2.jpg,4
images/047020139.tiff,4
images/047080139.tiff,1
images/047140138.tiff,1
images/047200139.tiff,1
images/0477.jpg,4
images/048020138.tiff,1
images/048080139.tiff,1
images/048140139.tiff,1
images/048200139.tiff,1
images/0483_cu_1.jpg,4
images/049020138.tiff,1
images/049080139.tiff,1
images/049140138.tiff,1
images/049200139.tiff,1
images/0551_cu_1.jpg,4
images/0782_cu_1.jpg,0
images/0819_cu_2.jpg,0
images/0839_cu_1.jpg,0
images/0843_cu_1.jpg,5
images/0913_cu_2.jpg,0
images/0947_cu_1.jpg,4
images/1_2.JPG,5
images/10_2.JPG,0
images/1001.jpg,0
images/1002.jpg,4
images/1005.jpg,4
images/1006.jpg,4
images/1013.jpg,5
images/1041.jpg,5
images/1047.jpg,5
images/1067.jpg,0
images/1073.jpg,5
images/1074.jpg,4
images/1085.jpg,4
images/1087.jpg,5
images/1088.jpg,0
images/1090.jpg,5
images/11_2.JPG,0
images/1172_2.jpg,4
images/1172.jpg,5
images/1292.jpg,0
images/13_2.JPG,0
images/1409.jpg,0
images/14091.jpg,0
images/1422.jpg,5
images/1434.jpg,5
images/1435.jpg,5
images/14351.jpg,5
images/1442.jpg,0
images/1448.jpg,5
images/14481.jpg,5
images/1450.jpg,5
images/1455.jpg,4
images/1457.jpg,5
images/1459.jpg,5
images/14591.jpg,5
images/1463.jpg,0
images/1465.jpg,4
images/1467.jpg,5
images/1472.jpg,5
images/152.jpg,5
images/1552.jpg,5
images/15521.jpg,5
images/156.jpg,5
images/1571.jpg,5
images/1590.jpg,4
images/1591.jpg,5
images/1595.jpg,5
images/15951.jpg,5
images/15952.jpg,5
images/15953.jpg,4
images/15954.jpg,5
images/16.JPG,0
images/160.jpg,5
images/1611.jpg,5
images/16111.jpg,5
images/16112.jpg,5
images/1613.jpg,0
images/166.jpg,4
images/17_1.JPG,0
images/171.jpg,5
images/186.jpg,0
images/1976.jpg,5
images/2_0.JPG,0
images/2_1.JPG,5
images/2_36.JPG,0
images/2_8.JPG,0
images/20151002_SJENN3_edit_0.05res.jpg,3
images/2088.jpg,0
images/2106.jpg,5
images/2154.jpg,5
images/2160.jpg,5
images/2165.jpg,5
images/2185.jpg,5
images/2189.jpg,4
images/2204.jpg,4
images/2207.jpg,4
images/225.jpg,5
images/226.jpg,5
images/228.jpg,0
images/229.jpg,5
images/2295.jpg,4
images/2296.jpg,5
images/2298.jpg,5
images/2302.jpg,4
images/2323.jpg,5
images/2325.jpg,5
images/2326.jpg,0
images/2327.jpg,5
images/2328.jpg,5
images/2333.jpg,3
images/2334.jpg,5
images/2340.jpg,5
images/2345.jpg,5
images/2346.jpg,5
images/2349.jpg,5
images/255.jpg,5
images/258.jpg,5
images/264.jpg,4
images/267.jpg,0
images/269.jpg,5
images/2695.jpg,4
images/2696.jpg,4
images/2697.jpg,5
images/2698.jpg,5
images/2699.jpg,4
images/2701.jpg,5
images/2704.jpg,5
images/2705.jpg,0
images/2706.jpg,5
images/2710.jpg,5
images/2712.jpg,5
images/2713.jpg,5
images/2720.jpg,5
images/2721.jpg,5
images/2729.jpg,5
images/2738.jpg,4
images/2741.jpg,4
images/2742.jpg,5
images/2744.jpg,4
images/2747.jpg,5
images/275.jpg,4
images/2750.jpg,5
images/2751.jpg,5
images/278.jpg,5
images/279.jpg,5
images/280.jpg,5
images/283.jpg,4
images/289.jpg,5
images/3_35.JPG,0
images/312.jpg,0
images/329.jpg,5
images/330.jpg,5
images/344.jpg,0
images/348.jpg,5
images/356.jpg,0
images/363.jpg,0
images/378.jpg,0
images/389.jpg,5
images/393.jpg,5
images/4_75.JPG,0
images/4.JPG,0
images/5_6.JPG,0
images/6_7.JPG,0
images/636.jpg,0
images/637-5.jpg,5
images/654.jpg,5
images/655.jpg,4
images/657.jpg,5
images/658.jpg,0
images/664.jpg,4
images/671.jpg,5
images/675.jpg,5
images/722.jpg,5
images/738.jpg,0
images/739.jpg,3
images/8.JPG,0
images/802.jpg,0
images/809.jpg,0
images/811.jpg,0
images/832.jpg,4
images/863.jpg,5
images/882.jpg,0
images/888.jpg,5
images/889.jpg,4
images/9_5.JPG,0
images/BarPhotos_2013_Site3_Frame2_crop.JPG,2
images/Barthol_Rotalgen_mak.JPG,0
images/bed1.JPG,2
images/bed2.JPG,2
images/bed3.JPG,2
images/bed4.JPG,2
images/bed5.JPG,2
images/bed6.JPG,2
images/Cal_01.tif,2
images/Cal_05.tif,2
images/Cal_06.tif,2
images/Cal_08.tif,2
images/Cal_09.tif,2
images/Cal_10.tif,2
images/Cal_11.tif,2
images/Cal_12.tif,2
images/Cal_13.tif,2
images/Cal_15.tif,2
images/Cal_16.tif,3
images/Cal_17.tif,2
images/Cal_18.tif,2
images/Cal_19.tif,2
images/Cal_20.tif,2
images/Cal_23.tif,3
images/Cal_24.tif,2
images/Cal_27.tif,2
images/Cal_28.tif,2
images/Cal_29.tif,2
images/Cal_30.tif,2
images/CIMG0406_makro.JPG,2
images/close-up_PfeifferStateBeach.jpg,4
images/cs__(1).jpg,5
images/cs__(10).jpg,0
images/cs__(11).jpg,0
images/cs__(12).jpg,0
images/cs__(13).jpg,0
images/cs__(14).jpg,0
images/cs__(15).jpg,0
images/cs__(2).jpg,5
images/cs__(3).jpg,0
images/cs__(4).jpg,0
images/cs__(5).jpg,0
images/cs__(6).jpg,0
images/cs__(7).jpg,0
images/cs__(9).jpg,0
images/CurtainCreekmakro.jpg,0
images/DGS_Feather_DGS_Patch_001.JPG,0
images/im.png,0
images/Image_4766.JPG_crop.tif,3
images/Image_4767.JPG_crop.tif,3
images/IMG_0053_ccgp_006_ns_Cropped.tif,2
images/IMG_0053_ccgp_006_ns_Cropped.tif,2
images/IMG_0059_ccgp_009_ns_Cropped.tif,2
images/IMG_0059_ccgp_009_ns_Cropped.tif,2
images/IMG_0061_ccgp_010_ns_Cropped.tif,2
images/IMG_0114_ccgp_285_ws_Cropped.tif,3
images/IMG_0114_ccgp_285_ws_Cropped.tif,3
images/IMG_0202.JPG,3
images/IMG_0203.JPG,3
images/IMG_0204.JPG,3
images/IMG_0205.JPG,3
images/IMG_0207.JPG,3
images/IMG_0208.JPG,3
images/IMG_0209.JPG,5
images/IMG_0210.JPG,3
images/IMG_0212.JPG,3
images/IMG_0213.JPG,3
images/IMG_0214.JPG,3
images/IMG_0215.JPG,3
images/IMG_0217.JPG,3
images/IMG_0218.JPG,3
images/IMG_0219.JPG,3
images/IMG_0220.JPG,3
images/IMG_0222.JPG,3
images/IMG_0223.JPG,3
images/IMG_0224.JPG,3
images/IMG_0225.JPG,3
images/IMG_0228.JPG,3
images/IMG_0229.JPG,3
images/IMG_0230.JPG,3
images/IMG_0231.JPG,3
