files,p10,p16,p25,p50,p75,p84,p90
/home/filfy/Desktop/mattole_predict/MB_201907_01/DSCN3053a.JPG,,,,,,,
/home/filfy/Desktop/mattole_predict/MB_201907_01/DSCN3053b.JPG,,,,,,,
/home/filfy/Desktop/mattole_predict/MB_201907_01/DSCN3053c.JPG,,,,,,,
/home/filfy/Desktop/mattole_predict/MB_201907_01/DSCN3054a.JPG,,,,,,,
/home/filfy/Desktop/mattole_predict/MB_201907_01/DSCN3054b.JPG,,,,,,,
/home/filfy/Desktop/mattole_predict/MB_201907_01/DSCN3054c.JPG,,,,,,,
/home/filfy/Desktop/mattole_predict/MB_201907_01/DSCN3055a.JPG,,,,,,,
/home/filfy/Desktop/mattole_predict/MB_201907_01/DSCN3055b.JPG,,,,,,,
/home/filfy/Desktop/mattole_predict/MB_201907_01/DSCN3055c.JPG,,,,,,,
/home/filfy/Desktop/mattole_predict/MB_201907_02/DSCN3057a.JPG,,,,,,,
/home/filfy/Desktop/mattole_predict/MB_201907_02/DSCN3057b.JPG,,,,,,,
/home/filfy/Desktop/mattole_predict/MB_201907_02/DSCN3057c.JPG,,,,,,,
/home/filfy/Desktop/mattole_predict/MB_201907_02/DSCN3058a.JPG,,,,,,,
/home/filfy/Desktop/mattole_predict/MB_201907_02/DSCN3058b.JPG,,,,,,,
/home/filfy/Desktop/mattole_predict/MB_201907_02/DSCN3058c.JPG,,,,,,,
/home/filfy/Desktop/mattole_predict/MB_201907_02/DSCN3059a.JPG,,,,,,,
/home/filfy/Desktop/mattole_predict/MB_201907_02/DSCN3059b.JPG,,,,,,,
/home/filfy/Desktop/mattole_predict/MB_201907_02/DSCN3059c.JPG,,,,,,,
/home/filfy/Desktop/mattole_predict/MB_201907_02/DSCN3060a.JPG,,,,,,,
/home/filfy/Desktop/mattole_predict/MB_201907_02/DSCN3060b.JPG,,,,,,,
/home/filfy/Desktop/mattole_predict/MB_201907_02/DSCN3060c.JPG,,,,,,,
/home/filfy/Desktop/mattole_predict/MB_201907_02/DSCN3061a.JPG,,,,,,,
/home/filfy/Desktop/mattole_predict/MB_201907_02/DSCN3061b.JPG,,,,,,,
/home/filfy/Desktop/mattole_predict/MB_201907_02/DSCN3061c.JPG,,,,,,,
/home/filfy/Desktop/mattole_predict/MB_201907_02/DSCN3062a.JPG,,,,,,,
/home/filfy/Desktop/mattole_predict/MB_201907_02/DSCN3062b.JPG,,,,,,,
/home/filfy/Desktop/mattole_predict/MB_201907_02/DSCN3062c.JPG,,,,,,,
/home/filfy/Desktop/mattole_predict/MB_201907_02/DSCN3063a.JPG,,,,,,,
/home/filfy/Desktop/mattole_predict/MB_201907_02/DSCN3063b.JPG,,,,,,,
/home/filfy/Desktop/mattole_predict/MB_201907_02/DSCN3063c.JPG,,,,,,,
/home/filfy/Desktop/mattole_predict/MB_201907_02/DSCN3064a.JPG,,,,,,,
/home/filfy/Desktop/mattole_predict/MB_201907_02/DSCN3064b.JPG,,,,,,,
/home/filfy/Desktop/mattole_predict/MB_201907_02/DSCN3064c.JPG,,,,,,,
/home/filfy/Desktop/mattole_predict/MB_201907_03/DSCN3066a.JPG,,,,,,,
/home/filfy/Desktop/mattole_predict/MB_201907_03/DSCN3066b.JPG,,,,,,,
/home/filfy/Desktop/mattole_predict/MB_201907_03/DSCN3066c.JPG,,,,,,,
/home/filfy/Desktop/mattole_predict/MB_201907_03/DSCN3067a.JPG,,,,,,,
/home/filfy/Desktop/mattole_predict/MB_201907_03/DSCN3067b.JPG,,,,,,,
/home/filfy/Desktop/mattole_predict/MB_201907_03/DSCN3067c.JPG,,,,,,,
/home/filfy/Desktop/mattole_predict/MB_201907_03/DSCN3068a.JPG,,,,,,,
/home/filfy/Desktop/mattole_predict/MB_201907_03/DSCN3068b.JPG,,,,,,,
/home/filfy/Desktop/mattole_predict/MB_201907_03/DSCN3068c.JPG,,,,,,,
/home/filfy/Desktop/mattole_predict/MB_201907_03/DSCN3069a.JPG,,,,,,,
/home/filfy/Desktop/mattole_predict/MB_201907_03/DSCN3069b.JPG,,,,,,,
/home/filfy/Desktop/mattole_predict/MB_201907_03/DSCN3069c.JPG,,,,,,,
/home/filfy/Desktop/mattole_predict/MB_201907_03/DSCN3070a.JPG,,,,,,,
/home/filfy/Desktop/mattole_predict/MB_201907_03/DSCN3070b.JPG,,,,,,,
/home/filfy/Desktop/mattole_predict/MB_201907_03/DSCN3070c.JPG,,,,,,,
/home/filfy/Desktop/mattole_predict/MB_201907_03/DSCN3071a.JPG,,,,,,,
/home/filfy/Desktop/mattole_predict/MB_201907_03/DSCN3071b.JPG,,,,,,,
/home/filfy/Desktop/mattole_predict/MB_201907_03/DSCN3071c.JPG,,,,,,,
/home/filfy/Desktop/mattole_predict/MB_201907_03/DSCN3072a.JPG,,,,,,,
/home/filfy/Desktop/mattole_predict/MB_201907_03/DSCN3072b.JPG,,,,,,,
/home/filfy/Desktop/mattole_predict/MB_201907_03/DSCN3072c.JPG,,,,,,,
/home/filfy/Desktop/mattole_predict/MB_201907_03/DSCN3073a.JPG,,,,,,,
/home/filfy/Desktop/mattole_predict/MB_201907_03/DSCN3073b.JPG,,,,,,,
/home/filfy/Desktop/mattole_predict/MB_201907_03/DSCN3073c.JPG,,,,,,,
/home/filfy/Desktop/mattole_predict/MB_201907_03/DSCN3074a.JPG,,,,,,,
/home/filfy/Desktop/mattole_predict/MB_201907_03/DSCN3074b.JPG,,,,,,,
/home/filfy/Desktop/mattole_predict/MB_201907_03/DSCN3074c.JPG,,,,,,,
/home/filfy/Desktop/mattole_predict/MB_201907_04/DSCN3077a.JPG,,,,,,,
/home/filfy/Desktop/mattole_predict/MB_201907_04/DSCN3077b.JPG,,,,,,,
/home/filfy/Desktop/mattole_predict/MB_201907_04/DSCN3077c.JPG,,,,,,,
/home/filfy/Desktop/mattole_predict/MB_201907_04/DSCN3078a.JPG,,,,,,,
/home/filfy/Desktop/mattole_predict/MB_201907_04/DSCN3078b.JPG,,,,,,,
/home/filfy/Desktop/mattole_predict/MB_201907_04/DSCN3078c.JPG,,,,,,,
/home/filfy/Desktop/mattole_predict/MB_201907_04/DSCN3079a.JPG,,,,,,,
/home/filfy/Desktop/mattole_predict/MB_201907_04/DSCN3079b.JPG,,,,,,,
/home/filfy/Desktop/mattole_predict/MB_201907_04/DSCN3079c.JPG,,,,,,,
/home/filfy/Desktop/mattole_predict/MB_201907_04/DSCN3080a.JPG,,,,,,,
/home/filfy/Desktop/mattole_predict/MB_201907_04/DSCN3080b.JPG,,,,,,,
/home/filfy/Desktop/mattole_predict/MB_201907_04/DSCN3080c.JPG,,,,,,,
/home/filfy/Desktop/mattole_predict/MB_201907_04/DSCN3081a.JPG,,,,,,,
/home/filfy/Desktop/mattole_predict/MB_201907_04/DSCN3081b.JPG,,,,,,,
/home/filfy/Desktop/mattole_predict/MB_201907_04/DSCN3081c.JPG,,,,,,,
/home/filfy/Desktop/mattole_predict/MB_201907_04/DSCN3082a.JPG,,,,,,,
/home/filfy/Desktop/mattole_predict/MB_201907_04/DSCN3082b.JPG,,,,,,,
/home/filfy/Desktop/mattole_predict/MB_201907_04/DSCN3082c.JPG,,,,,,,
/home/filfy/Desktop/mattole_predict/MB_201907_04/DSCN3083a.JPG,,,,,,,
/home/filfy/Desktop/mattole_predict/MB_201907_04/DSCN3083b.JPG,,,,,,,
/home/filfy/Desktop/mattole_predict/MB_201907_04/DSCN3083c.JPG,,,,,,,
/home/filfy/Desktop/mattole_predict/MB_201907_04/DSCN3084a.JPG,,,,,,,
/home/filfy/Desktop/mattole_predict/MB_201907_04/DSCN3084b.JPG,,,,,,,
/home/filfy/Desktop/mattole_predict/MB_201907_04/DSCN3084c.JPG,,,,,,,
/home/filfy/Desktop/mattole_predict/MB_201907_04/DSCN3085a.JPG,,,,,,,
/home/filfy/Desktop/mattole_predict/MB_201907_04/DSCN3085b.JPG,,,,,,,
/home/filfy/Desktop/mattole_predict/MB_201907_04/DSCN3085c.JPG,,,,,,,
/home/filfy/Desktop/mattole_predict/MB_201907_04/DSCN3086a.JPG,,,,,,,
/home/filfy/Desktop/mattole_predict/MB_201907_04/DSCN3086b.JPG,,,,,,,
/home/filfy/Desktop/mattole_predict/MB_201907_04/DSCN3086c.JPG,,,,,,,
/home/filfy/Desktop/mattole_predict/MB_201907_04/DSCN3087a.JPG,,,,,,,
/home/filfy/Desktop/mattole_predict/MB_201907_04/DSCN3087b.JPG,,,,,,,
/home/filfy/Desktop/mattole_predict/MB_201907_04/DSCN3087c.JPG,,,,,,,
/home/filfy/Desktop/mattole_predict/MB_201907_04/DSCN3088a.JPG,,,,,,,
/home/filfy/Desktop/mattole_predict/MB_201907_04/DSCN3088b.JPG,,,,,,,
/home/filfy/Desktop/mattole_predict/MB_201907_04/DSCN3088c.JPG,,,,,,,
/home/filfy/Desktop/mattole_predict/MB_201907_05/DSCN3096a.JPG,,,,,,,
/home/filfy/Desktop/mattole_predict/MB_201907_05/DSCN3096b.JPG,,,,,,,
/home/filfy/Desktop/mattole_predict/MB_201907_05/DSCN3096c.JPG,,,,,,,
/home/filfy/Desktop/mattole_predict/MB_201907_05/DSCN3097a.JPG,,,,,,,
/home/filfy/Desktop/mattole_predict/MB_201907_05/DSCN3097b.JPG,,,,,,,
/home/filfy/Desktop/mattole_predict/MB_201907_05/DSCN3097c.JPG,,,,,,,
/home/filfy/Desktop/mattole_predict/MB_201907_05/DSCN3098a.JPG,,,,,,,
/home/filfy/Desktop/mattole_predict/MB_201907_05/DSCN3098b.JPG,,,,,,,
/home/filfy/Desktop/mattole_predict/MB_201907_05/DSCN3098c.JPG,,,,,,,
/home/filfy/Desktop/mattole_predict/MB_201907_05/DSCN3099a.JPG,,,,,,,
/home/filfy/Desktop/mattole_predict/MB_201907_05/DSCN3099b.JPG,,,,,,,
/home/filfy/Desktop/mattole_predict/MB_201907_05/DSCN3099c.JPG,,,,,,,
/home/filfy/Desktop/mattole_predict/MB_201907_05/DSCN3100a.JPG,,,,,,,
/home/filfy/Desktop/mattole_predict/MB_201907_05/DSCN3100b.JPG,,,,,,,
/home/filfy/Desktop/mattole_predict/MB_201907_05/DSCN3100c.JPG,,,,,,,
/home/filfy/Desktop/mattole_predict/MB_201907_05/DSCN3101a.JPG,,,,,,,
/home/filfy/Desktop/mattole_predict/MB_201907_05/DSCN3101b.JPG,,,,,,,
/home/filfy/Desktop/mattole_predict/MB_201907_05/DSCN3101c.JPG,,,,,,,
/home/filfy/Desktop/mattole_predict/MB_201907_05/DSCN3102a.JPG,,,,,,,
/home/filfy/Desktop/mattole_predict/MB_201907_05/DSCN3102b.JPG,,,,,,,
/home/filfy/Desktop/mattole_predict/MB_201907_05/DSCN3102c.JPG,,,,,,,
/home/filfy/Desktop/mattole_predict/MB_201907_05/DSCN3103a.JPG,,,,,,,
/home/filfy/Desktop/mattole_predict/MB_201907_05/DSCN3103b.JPG,,,,,,,
/home/filfy/Desktop/mattole_predict/MB_201907_05/DSCN3103c.JPG,,,,,,,
/home/filfy/Desktop/mattole_predict/MB_201907_05/DSCN3104a.JPG,,,,,,,
/home/filfy/Desktop/mattole_predict/MB_201907_05/DSCN3104b.JPG,,,,,,,
/home/filfy/Desktop/mattole_predict/MB_201907_05/DSCN3104c.JPG,,,,,,,
/home/filfy/Desktop/mattole_predict/MB_201907_06/DSCN3106a.JPG,,,,,,,
/home/filfy/Desktop/mattole_predict/MB_201907_06/DSCN3106b.JPG,,,,,,,
/home/filfy/Desktop/mattole_predict/MB_201907_06/DSCN3106c.JPG,,,,,,,
/home/filfy/Desktop/mattole_predict/MB_201907_06/DSCN3107a.JPG,,,,,,,
/home/filfy/Desktop/mattole_predict/MB_201907_06/DSCN3107b.JPG,,,,,,,
/home/filfy/Desktop/mattole_predict/MB_201907_06/DSCN3107c.JPG,,,,,,,
/home/filfy/Desktop/mattole_predict/MB_201907_06/DSCN3108a.JPG,,,,,,,
/home/filfy/Desktop/mattole_predict/MB_201907_06/DSCN3108b.JPG,,,,,,,
/home/filfy/Desktop/mattole_predict/MB_201907_06/DSCN3108c.JPG,,,,,,,
/home/filfy/Desktop/mattole_predict/MB_201907_06/DSCN3109a.JPG,,,,,,,
/home/filfy/Desktop/mattole_predict/MB_201907_06/DSCN3109b.JPG,,,,,,,
/home/filfy/Desktop/mattole_predict/MB_201907_06/DSCN3109c.JPG,,,,,,,
/home/filfy/Desktop/mattole_predict/MB_201907_06/DSCN3110a.JPG,,,,,,,
/home/filfy/Desktop/mattole_predict/MB_201907_06/DSCN3110b.JPG,,,,,,,
/home/filfy/Desktop/mattole_predict/MB_201907_06/DSCN3110c.JPG,,,,,,,
/home/filfy/Desktop/mattole_predict/MB_201907_06/DSCN3111a.JPG,,,,,,,
/home/filfy/Desktop/mattole_predict/MB_201907_06/DSCN3111b.JPG,,,,,,,
/home/filfy/Desktop/mattole_predict/MB_201907_06/DSCN3111c.JPG,,,,,,,
/home/filfy/Desktop/mattole_predict/MB_201907_07/DSCN3116a.JPG,,,,,,,
/home/filfy/Desktop/mattole_predict/MB_201907_07/DSCN3116b.JPG,,,,,,,
/home/filfy/Desktop/mattole_predict/MB_201907_07/DSCN3116c.JPG,,,,,,,
/home/filfy/Desktop/mattole_predict/MB_201907_07/DSCN3117a.JPG,,,,,,,
/home/filfy/Desktop/mattole_predict/MB_201907_07/DSCN3117b.JPG,,,,,,,
/home/filfy/Desktop/mattole_predict/MB_201907_07/DSCN3117c.JPG,,,,,,,
/home/filfy/Desktop/mattole_predict/MB_201907_07/DSCN3118a.JPG,,,,,,,
/home/filfy/Desktop/mattole_predict/MB_201907_07/DSCN3118b.JPG,,,,,,,
/home/filfy/Desktop/mattole_predict/MB_201907_07/DSCN3118c.JPG,,,,,,,
/home/filfy/Desktop/mattole_predict/MB_201907_08/DSCN3120a.JPG,,,,,,,
/home/filfy/Desktop/mattole_predict/MB_201907_08/DSCN3120b.JPG,,,,,,,
/home/filfy/Desktop/mattole_predict/MB_201907_08/DSCN3120c.JPG,,,,,,,
/home/filfy/Desktop/mattole_predict/MB_201907_08/DSCN3121a.JPG,,,,,,,
/home/filfy/Desktop/mattole_predict/MB_201907_08/DSCN3121b.JPG,,,,,,,
/home/filfy/Desktop/mattole_predict/MB_201907_08/DSCN3121c.JPG,,,,,,,
/home/filfy/Desktop/mattole_predict/MB_201907_08/DSCN3122a.JPG,,,,,,,
/home/filfy/Desktop/mattole_predict/MB_201907_08/DSCN3122b.JPG,,,,,,,
/home/filfy/Desktop/mattole_predict/MB_201907_08/DSCN3122c.JPG,,,,,,,
/home/filfy/Desktop/mattole_predict/MB_201907_08/DSCN3123a.JPG,,,,,,,
/home/filfy/Desktop/mattole_predict/MB_201907_08/DSCN3123b.JPG,,,,,,,
/home/filfy/Desktop/mattole_predict/MB_201907_08/DSCN3123c.JPG,,,,,,,
/home/filfy/Desktop/mattole_predict/MB_201907_08/DSCN3124a.JPG,,,,,,,
/home/filfy/Desktop/mattole_predict/MB_201907_08/DSCN3124b.JPG,,,,,,,
/home/filfy/Desktop/mattole_predict/MB_201907_08/DSCN3124c.JPG,,,,,,,
/home/filfy/Desktop/mattole_predict/MB_201907_08/DSCN3125a.JPG,,,,,,,
/home/filfy/Desktop/mattole_predict/MB_201907_08/DSCN3125b.JPG,,,,,,,
/home/filfy/Desktop/mattole_predict/MB_201907_08/DSCN3125c.JPG,,,,,,,
/home/filfy/Desktop/mattole_predict/MB_201907_08/DSCN3126a.JPG,,,,,,,
/home/filfy/Desktop/mattole_predict/MB_201907_08/DSCN3126b.JPG,,,,,,,
/home/filfy/Desktop/mattole_predict/MB_201907_08/DSCN3126c.JPG,,,,,,,
/home/filfy/Desktop/mattole_predict/MB_201907_08/DSCN3127a.JPG,,,,,,,
/home/filfy/Desktop/mattole_predict/MB_201907_08/DSCN3127b.JPG,,,,,,,
/home/filfy/Desktop/mattole_predict/MB_201907_08/DSCN3127c.JPG,,,,,,,
/home/filfy/Desktop/mattole_predict/MB_201907_08/DSCN3128a.JPG,,,,,,,
/home/filfy/Desktop/mattole_predict/MB_201907_08/DSCN3128b.JPG,,,,,,,
/home/filfy/Desktop/mattole_predict/MB_201907_08/DSCN3128c.JPG,,,,,,,
/home/filfy/Desktop/mattole_predict/MB_201907_08/DSCN3129a.JPG,,,,,,,
/home/filfy/Desktop/mattole_predict/MB_201907_08/DSCN3129b.JPG,,,,,,,
/home/filfy/Desktop/mattole_predict/MB_201907_08/DSCN3129c.JPG,,,,,,,
/home/filfy/Desktop/mattole_predict/MB_201907_09/DSCN3131a.JPG,,,,,,,
/home/filfy/Desktop/mattole_predict/MB_201907_09/DSCN3131b.JPG,,,,,,,
/home/filfy/Desktop/mattole_predict/MB_201907_09/DSCN3131c.JPG,,,,,,,
/home/filfy/Desktop/mattole_predict/MB_201907_09/DSCN3132a.JPG,,,,,,,
/home/filfy/Desktop/mattole_predict/MB_201907_09/DSCN3132b.JPG,,,,,,,
/home/filfy/Desktop/mattole_predict/MB_201907_09/DSCN3132c.JPG,,,,,,,
/home/filfy/Desktop/mattole_predict/MB_201907_09/DSCN3133a.JPG,,,,,,,
/home/filfy/Desktop/mattole_predict/MB_201907_09/DSCN3133b.JPG,,,,,,,
/home/filfy/Desktop/mattole_predict/MB_201907_09/DSCN3133c.JPG,,,,,,,
/home/filfy/Desktop/mattole_predict/MB_201907_09/DSCN3134a.JPG,,,,,,,
/home/filfy/Desktop/mattole_predict/MB_201907_09/DSCN3134b.JPG,,,,,,,
/home/filfy/Desktop/mattole_predict/MB_201907_09/DSCN3134c.JPG,,,,,,,
/home/filfy/Desktop/mattole_predict/MB_201907_09/DSCN3135a.JPG,,,,,,,
/home/filfy/Desktop/mattole_predict/MB_201907_09/DSCN3135b.JPG,,,,,,,
/home/filfy/Desktop/mattole_predict/MB_201907_09/DSCN3135c.JPG,,,,,,,
/home/filfy/Desktop/mattole_predict/MB_201907_09/DSCN3136a.JPG,,,,,,,
/home/filfy/Desktop/mattole_predict/MB_201907_09/DSCN3136b.JPG,,,,,,,
/home/filfy/Desktop/mattole_predict/MB_201907_09/DSCN3136c.JPG,,,,,,,
/home/filfy/Desktop/mattole_predict/MB_201907_09/DSCN3137a.JPG,,,,,,,
/home/filfy/Desktop/mattole_predict/MB_201907_09/DSCN3137b.JPG,,,,,,,
/home/filfy/Desktop/mattole_predict/MB_201907_09/DSCN3137c.JPG,,,,,,,
/home/filfy/Desktop/mattole_predict/MB_201907_09/DSCN3138a.JPG,,,,,,,
/home/filfy/Desktop/mattole_predict/MB_201907_09/DSCN3138b.JPG,,,,,,,
/home/filfy/Desktop/mattole_predict/MB_201907_09/DSCN3138c.JPG,,,,,,,
/home/filfy/Desktop/mattole_predict/MB_201907_09/DSCN3139a.JPG,,,,,,,
/home/filfy/Desktop/mattole_predict/MB_201907_09/DSCN3139b.JPG,,,,,,,
/home/filfy/Desktop/mattole_predict/MB_201907_09/DSCN3139c.JPG,,,,,,,
/home/filfy/Desktop/mattole_predict/MB_201907_10/DSCN3141a.JPG,,,,,,,
/home/filfy/Desktop/mattole_predict/MB_201907_10/DSCN3141b.JPG,,,,,,,
/home/filfy/Desktop/mattole_predict/MB_201907_10/DSCN3141c.JPG,,,,,,,
/home/filfy/Desktop/mattole_predict/MB_201907_10/DSCN3142a.JPG,,,,,,,
/home/filfy/Desktop/mattole_predict/MB_201907_10/DSCN3142b.JPG,,,,,,,
/home/filfy/Desktop/mattole_predict/MB_201907_10/DSCN3142c.JPG,,,,,,,
/home/filfy/Desktop/mattole_predict/MB_201907_10/DSCN3143a.JPG,,,,,,,
/home/filfy/Desktop/mattole_predict/MB_201907_10/DSCN3143b.JPG,,,,,,,
/home/filfy/Desktop/mattole_predict/MB_201907_10/DSCN3143c.JPG,,,,,,,
/home/filfy/Desktop/mattole_predict/MB_201907_10/DSCN3144a.JPG,,,,,,,
/home/filfy/Desktop/mattole_predict/MB_201907_10/DSCN3144b.JPG,,,,,,,
/home/filfy/Desktop/mattole_predict/MB_201907_10/DSCN3144c.JPG,,,,,,,
/home/filfy/Desktop/mattole_predict/MB_201907_10/DSCN3145a.JPG,,,,,,,
/home/filfy/Desktop/mattole_predict/MB_201907_10/DSCN3145b.JPG,,,,,,,
/home/filfy/Desktop/mattole_predict/MB_201907_10/DSCN3145c.JPG,,,,,,,
/home/filfy/Desktop/mattole_predict/MB_201907_10/DSCN3146a.JPG,,,,,,,
/home/filfy/Desktop/mattole_predict/MB_201907_10/DSCN3146b.JPG,,,,,,,
/home/filfy/Desktop/mattole_predict/MB_201907_10/DSCN3146c.JPG,,,,,,,
/home/filfy/Desktop/mattole_predict/MB_201907_11/DSCN3155a.JPG,,,,,,,
/home/filfy/Desktop/mattole_predict/MB_201907_11/DSCN3155b.JPG,,,,,,,
/home/filfy/Desktop/mattole_predict/MB_201907_11/DSCN3155c.JPG,,,,,,,
/home/filfy/Desktop/mattole_predict/MB_201907_11/DSCN3156a.JPG,,,,,,,
/home/filfy/Desktop/mattole_predict/MB_201907_11/DSCN3156b.JPG,,,,,,,
/home/filfy/Desktop/mattole_predict/MB_201907_11/DSCN3156c.JPG,,,,,,,
/home/filfy/Desktop/mattole_predict/MB_201907_11/DSCN3157a.JPG,,,,,,,
/home/filfy/Desktop/mattole_predict/MB_201907_11/DSCN3157b.JPG,,,,,,,
/home/filfy/Desktop/mattole_predict/MB_201907_11/DSCN3157c.JPG,,,,,,,
/home/filfy/Desktop/mattole_predict/MB_201907_11/DSCN3158a.JPG,,,,,,,
/home/filfy/Desktop/mattole_predict/MB_201907_11/DSCN3158b.JPG,,,,,,,
/home/filfy/Desktop/mattole_predict/MB_201907_11/DSCN3158c.JPG,,,,,,,
/home/filfy/Desktop/mattole_predict/MB_201907_11/DSCN3159a.JPG,,,,,,,
/home/filfy/Desktop/mattole_predict/MB_201907_11/DSCN3159b.JPG,,,,,,,
/home/filfy/Desktop/mattole_predict/MB_201907_11/DSCN3159c.JPG,,,,,,,
/home/filfy/Desktop/mattole_predict/MB_201907_11/DSCN3160a.JPG,,,,,,,
/home/filfy/Desktop/mattole_predict/MB_201907_11/DSCN3160b.JPG,,,,,,,
/home/filfy/Desktop/mattole_predict/MB_201907_11/DSCN3160c.JPG,,,,,,,
/home/filfy/Desktop/mattole_predict/MB_201907_11/DSCN3161a.JPG,,,,,,,
/home/filfy/Desktop/mattole_predict/MB_201907_11/DSCN3161b.JPG,,,,,,,
/home/filfy/Desktop/mattole_predict/MB_201907_11/DSCN3161c.JPG,,,,,,,
/home/filfy/Desktop/mattole_predict/MB_201907_12/DSCN3168a.JPG,,,,,,,
/home/filfy/Desktop/mattole_predict/MB_201907_12/DSCN3168b.JPG,,,,,,,
/home/filfy/Desktop/mattole_predict/MB_201907_12/DSCN3168c.JPG,,,,,,,
/home/filfy/Desktop/mattole_predict/MB_201907_12/DSCN3169a.JPG,,,,,,,
/home/filfy/Desktop/mattole_predict/MB_201907_12/DSCN3169b.JPG,,,,,,,
/home/filfy/Desktop/mattole_predict/MB_201907_12/DSCN3169c.JPG,,,,,,,
/home/filfy/Desktop/mattole_predict/MB_201907_12/DSCN3170a.JPG,,,,,,,
/home/filfy/Desktop/mattole_predict/MB_201907_12/DSCN3170b.JPG,,,,,,,
/home/filfy/Desktop/mattole_predict/MB_201907_12/DSCN3170c.JPG,,,,,,,
/home/filfy/Desktop/mattole_predict/MB_201907_12/DSCN3175a.JPG,,,,,,,
/home/filfy/Desktop/mattole_predict/MB_201907_12/DSCN3175b.JPG,,,,,,,
/home/filfy/Desktop/mattole_predict/MB_201907_12/DSCN3175c.JPG,,,,,,,
/home/filfy/Desktop/mattole_predict/MB_201907_12/DSCN3176a.JPG,,,,,,,
/home/filfy/Desktop/mattole_predict/MB_201907_12/DSCN3176b.JPG,,,,,,,
/home/filfy/Desktop/mattole_predict/MB_201907_12/DSCN3176c.JPG,,,,,,,
/home/filfy/Desktop/mattole_predict/MB_201907_12/DSCN3177a.JPG,,,,,,,
/home/filfy/Desktop/mattole_predict/MB_201907_12/DSCN3177b.JPG,,,,,,,
/home/filfy/Desktop/mattole_predict/MB_201907_12/DSCN3177c.JPG,,,,,,,
/home/filfy/Desktop/mattole_predict/MB_201907_13/DSCN3180a.JPG,,,,,,,
/home/filfy/Desktop/mattole_predict/MB_201907_13/DSCN3180b.JPG,,,,,,,
/home/filfy/Desktop/mattole_predict/MB_201907_13/DSCN3180c.JPG,,,,,,,
/home/filfy/Desktop/mattole_predict/MB_201907_13/DSCN3181a.JPG,,,,,,,
/home/filfy/Desktop/mattole_predict/MB_201907_13/DSCN3181b.JPG,,,,,,,
/home/filfy/Desktop/mattole_predict/MB_201907_13/DSCN3181c.JPG,,,,,,,
/home/filfy/Desktop/mattole_predict/MB_201907_13/DSCN3183a.JPG,,,,,,,
/home/filfy/Desktop/mattole_predict/MB_201907_13/DSCN3183b.JPG,,,,,,,
/home/filfy/Desktop/mattole_predict/MB_201907_13/DSCN3183c.JPG,,,,,,,
/home/filfy/Desktop/mattole_predict/MB_201907_13/DSCN3184a.JPG,,,,,,,
/home/filfy/Desktop/mattole_predict/MB_201907_13/DSCN3184b.JPG,,,,,,,
/home/filfy/Desktop/mattole_predict/MB_201907_13/DSCN3184c.JPG,,,,,,,
/home/filfy/Desktop/mattole_predict/MB_201907_13/DSCN3185a.JPG,,,,,,,
/home/filfy/Desktop/mattole_predict/MB_201907_13/DSCN3185b.JPG,,,,,,,
/home/filfy/Desktop/mattole_predict/MB_201907_13/DSCN3185c.JPG,,,,,,,
/home/filfy/Desktop/mattole_predict/MB_201907_14/DSCN3189a.JPG,,,,,,,
/home/filfy/Desktop/mattole_predict/MB_201907_14/DSCN3189b.JPG,,,,,,,
/home/filfy/Desktop/mattole_predict/MB_201907_14/DSCN3189c.JPG,,,,,,,
/home/filfy/Desktop/mattole_predict/MB_201907_14/DSCN3190a.JPG,,,,,,,
/home/filfy/Desktop/mattole_predict/MB_201907_14/DSCN3190b.JPG,,,,,,,
/home/filfy/Desktop/mattole_predict/MB_201907_14/DSCN3190c.JPG,,,,,,,
/home/filfy/Desktop/mattole_predict/MB_201907_14/DSCN3193a.JPG,,,,,,,
/home/filfy/Desktop/mattole_predict/MB_201907_14/DSCN3193b.JPG,,,,,,,
/home/filfy/Desktop/mattole_predict/MB_201907_14/DSCN3193c.JPG,,,,,,,
/home/filfy/Desktop/mattole_predict/MB_201907_14/DSCN3195a.JPG,,,,,,,
/home/filfy/Desktop/mattole_predict/MB_201907_14/DSCN3195b.JPG,,,,,,,
/home/filfy/Desktop/mattole_predict/MB_201907_14/DSCN3195c.JPG,,,,,,,
/home/filfy/Desktop/mattole_predict/MB_201907_14/DSCN3196a.JPG,,,,,,,
/home/filfy/Desktop/mattole_predict/MB_201907_14/DSCN3196b.JPG,,,,,,,
/home/filfy/Desktop/mattole_predict/MB_201907_14/DSCN3196c.JPG,,,,,,,
/home/filfy/Desktop/mattole_predict/MB_201907_15/DSCN3211a.JPG,,,,,,,
/home/filfy/Desktop/mattole_predict/MB_201907_15/DSCN3211b.JPG,,,,,,,
/home/filfy/Desktop/mattole_predict/MB_201907_15/DSCN3211c.JPG,,,,,,,
/home/filfy/Desktop/mattole_predict/MB_201907_15/DSCN3212a.JPG,,,,,,,
/home/filfy/Desktop/mattole_predict/MB_201907_15/DSCN3212b.JPG,,,,,,,
/home/filfy/Desktop/mattole_predict/MB_201907_15/DSCN3212c.JPG,,,,,,,
/home/filfy/Desktop/mattole_predict/MB_201907_15/DSCN3213a.JPG,,,,,,,
/home/filfy/Desktop/mattole_predict/MB_201907_15/DSCN3213b.JPG,,,,,,,
/home/filfy/Desktop/mattole_predict/MB_201907_15/DSCN3213c.JPG,,,,,,,
/home/filfy/Desktop/mattole_predict/MB_201907_15/DSCN3214a.JPG,,,,,,,
/home/filfy/Desktop/mattole_predict/MB_201907_15/DSCN3214b.JPG,,,,,,,
/home/filfy/Desktop/mattole_predict/MB_201907_15/DSCN3214c.JPG,,,,,,,
/home/filfy/Desktop/mattole_predict/MB_201907_15/DSCN3215a.JPG,,,,,,,
/home/filfy/Desktop/mattole_predict/MB_201907_15/DSCN3215b.JPG,,,,,,,
/home/filfy/Desktop/mattole_predict/MB_201907_15/DSCN3215c.JPG,,,,,,,
/home/filfy/Desktop/mattole_predict/MB_201907_16/DSCN3217a.JPG,,,,,,,
/home/filfy/Desktop/mattole_predict/MB_201907_16/DSCN3217b.JPG,,,,,,,
/home/filfy/Desktop/mattole_predict/MB_201907_16/DSCN3217c.JPG,,,,,,,
/home/filfy/Desktop/mattole_predict/MB_201907_16/DSCN3218a.JPG,,,,,,,
/home/filfy/Desktop/mattole_predict/MB_201907_16/DSCN3218b.JPG,,,,,,,
/home/filfy/Desktop/mattole_predict/MB_201907_16/DSCN3218c.JPG,,,,,,,
/home/filfy/Desktop/mattole_predict/MB_201907_16/DSCN3219a.JPG,,,,,,,
/home/filfy/Desktop/mattole_predict/MB_201907_16/DSCN3219b.JPG,,,,,,,
/home/filfy/Desktop/mattole_predict/MB_201907_16/DSCN3219c.JPG,,,,,,,
/home/filfy/Desktop/mattole_predict/MB_201907_16/DSCN3220a.JPG,,,,,,,
/home/filfy/Desktop/mattole_predict/MB_201907_16/DSCN3220b.JPG,,,,,,,
/home/filfy/Desktop/mattole_predict/MB_201907_16/DSCN3220c.JPG,,,,,,,
/home/filfy/Desktop/mattole_predict/MB_201907_16/DSCN3221a.JPG,,,,,,,
/home/filfy/Desktop/mattole_predict/MB_201907_16/DSCN3221b.JPG,,,,,,,
/home/filfy/Desktop/mattole_predict/MB_201907_16/DSCN3221c.JPG,,,,,,,
/home/filfy/Desktop/mattole_predict/MB_201907_16/DSCN3222a.JPG,,,,,,,
/home/filfy/Desktop/mattole_predict/MB_201907_16/DSCN3222b.JPG,,,,,,,
/home/filfy/Desktop/mattole_predict/MB_201907_16/DSCN3222c.JPG,,,,,,,
/home/filfy/Desktop/mattole_predict/MB_201907_16/DSCN3223a.JPG,,,,,,,
/home/filfy/Desktop/mattole_predict/MB_201907_16/DSCN3223b.JPG,,,,,,,
/home/filfy/Desktop/mattole_predict/MB_201907_16/DSCN3223c.JPG,,,,,,,
/home/filfy/Desktop/mattole_predict/MB_201907_16/DSCN3224a.JPG,,,,,,,
/home/filfy/Desktop/mattole_predict/MB_201907_16/DSCN3224b.JPG,,,,,,,
/home/filfy/Desktop/mattole_predict/MB_201907_16/DSCN3224c.JPG,,,,,,,
/home/filfy/Desktop/mattole_predict/MB_201907_16/DSCN3225a.JPG,,,,,,,
/home/filfy/Desktop/mattole_predict/MB_201907_16/DSCN3225b.JPG,,,,,,,
/home/filfy/Desktop/mattole_predict/MB_201907_16/DSCN3225c.JPG,,,,,,,
/home/filfy/Desktop/mattole_predict/MB_201907_17/DSCN3229a.JPG,,,,,,,
/home/filfy/Desktop/mattole_predict/MB_201907_17/DSCN3229b.JPG,,,,,,,
/home/filfy/Desktop/mattole_predict/MB_201907_17/DSCN3229c.JPG,,,,,,,
/home/filfy/Desktop/mattole_predict/MB_201907_17/DSCN3230a.JPG,,,,,,,
/home/filfy/Desktop/mattole_predict/MB_201907_17/DSCN3230b.JPG,,,,,,,
/home/filfy/Desktop/mattole_predict/MB_201907_17/DSCN3230c.JPG,,,,,,,
/home/filfy/Desktop/mattole_predict/MB_201907_17/DSCN3231a.JPG,,,,,,,
/home/filfy/Desktop/mattole_predict/MB_201907_17/DSCN3231b.JPG,,,,,,,
/home/filfy/Desktop/mattole_predict/MB_201907_17/DSCN3231c.JPG,,,,,,,
/home/filfy/Desktop/mattole_predict/MB_201907_17/DSCN3232a.JPG,,,,,,,
/home/filfy/Desktop/mattole_predict/MB_201907_17/DSCN3232b.JPG,,,,,,,
/home/filfy/Desktop/mattole_predict/MB_201907_17/DSCN3232c.JPG,,,,,,,
/home/filfy/Desktop/mattole_predict/MB_201907_17/DSCN3233a.JPG,,,,,,,
/home/filfy/Desktop/mattole_predict/MB_201907_17/DSCN3233b.JPG,,,,,,,
/home/filfy/Desktop/mattole_predict/MB_201907_17/DSCN3233c.JPG,,,,,,,
/home/filfy/Desktop/mattole_predict/MB_201907_17/DSCN3234a.JPG,,,,,,,
/home/filfy/Desktop/mattole_predict/MB_201907_17/DSCN3234b.JPG,,,,,,,
/home/filfy/Desktop/mattole_predict/MB_201907_17/DSCN3234c.JPG,,,,,,,
/home/filfy/Desktop/mattole_predict/MB_201907_17/DSCN3235a.JPG,,,,,,,
/home/filfy/Desktop/mattole_predict/MB_201907_17/DSCN3235b.JPG,,,,,,,
/home/filfy/Desktop/mattole_predict/MB_201907_17/DSCN3235c.JPG,,,,,,,
/home/filfy/Desktop/mattole_predict/MB_201907_17/DSCN3237a.JPG,,,,,,,
/home/filfy/Desktop/mattole_predict/MB_201907_17/DSCN3237b.JPG,,,,,,,
/home/filfy/Desktop/mattole_predict/MB_201907_17/DSCN3237c.JPG,,,,,,,
/home/filfy/Desktop/mattole_predict/MB_201907_17/DSCN3238a.JPG,,,,,,,
/home/filfy/Desktop/mattole_predict/MB_201907_17/DSCN3238b.JPG,,,,,,,
/home/filfy/Desktop/mattole_predict/MB_201907_17/DSCN3238c.JPG,,,,,,,
/home/filfy/Desktop/mattole_predict/MB_201907_17/DSCN3239a.JPG,,,,,,,
/home/filfy/Desktop/mattole_predict/MB_201907_17/DSCN3239b.JPG,,,,,,,
/home/filfy/Desktop/mattole_predict/MB_201907_17/DSCN3239c.JPG,,,,,,,
/home/filfy/Desktop/mattole_predict/MB_201907_17/DSCN3240a.JPG,,,,,,,
/home/filfy/Desktop/mattole_predict/MB_201907_17/DSCN3240b.JPG,,,,,,,
/home/filfy/Desktop/mattole_predict/MB_201907_17/DSCN3240c.JPG,,,,,,,
/home/filfy/Desktop/mattole_predict/MB_201907_18/DSCN3242a.JPG,,,,,,,
/home/filfy/Desktop/mattole_predict/MB_201907_18/DSCN3242b.JPG,,,,,,,
/home/filfy/Desktop/mattole_predict/MB_201907_18/DSCN3242c.JPG,,,,,,,
/home/filfy/Desktop/mattole_predict/MB_201907_18/DSCN3243a.JPG,,,,,,,
/home/filfy/Desktop/mattole_predict/MB_201907_18/DSCN3243b.JPG,,,,,,,
/home/filfy/Desktop/mattole_predict/MB_201907_18/DSCN3243c.JPG,,,,,,,
/home/filfy/Desktop/mattole_predict/MB_201907_18/DSCN3244a.JPG,,,,,,,
/home/filfy/Desktop/mattole_predict/MB_201907_18/DSCN3244b.JPG,,,,,,,
/home/filfy/Desktop/mattole_predict/MB_201907_18/DSCN3244c.JPG,,,,,,,
/home/filfy/Desktop/mattole_predict/MB_201907_18/DSCN3245a.JPG,,,,,,,
/home/filfy/Desktop/mattole_predict/MB_201907_18/DSCN3245b.JPG,,,,,,,
/home/filfy/Desktop/mattole_predict/MB_201907_18/DSCN3245c.JPG,,,,,,,
/home/filfy/Desktop/mattole_predict/MB_201907_18/DSCN3246a.JPG,,,,,,,
/home/filfy/Desktop/mattole_predict/MB_201907_18/DSCN3246b.JPG,,,,,,,
/home/filfy/Desktop/mattole_predict/MB_201907_18/DSCN3246c.JPG,,,,,,,
/home/filfy/Desktop/mattole_predict/MB_201907_18/DSCN3247a.JPG,,,,,,,
/home/filfy/Desktop/mattole_predict/MB_201907_18/DSCN3247b.JPG,,,,,,,
/home/filfy/Desktop/mattole_predict/MB_201907_18/DSCN3247c.JPG,,,,,,,
/home/filfy/Desktop/mattole_predict/MB_201907_18/DSCN3248a.JPG,,,,,,,
/home/filfy/Desktop/mattole_predict/MB_201907_18/DSCN3248b.JPG,,,,,,,
/home/filfy/Desktop/mattole_predict/MB_201907_18/DSCN3248c.JPG,,,,,,,
/home/filfy/Desktop/mattole_predict/MB_201907_18/DSCN3249a.JPG,,,,,,,
/home/filfy/Desktop/mattole_predict/MB_201907_18/DSCN3249b.JPG,,,,,,,
/home/filfy/Desktop/mattole_predict/MB_201907_18/DSCN3249c.JPG,,,,,,,
/home/filfy/Desktop/mattole_predict/MB_201907_19/DSCN3268a.JPG,,,,,,,
/home/filfy/Desktop/mattole_predict/MB_201907_19/DSCN3268b.JPG,,,,,,,
/home/filfy/Desktop/mattole_predict/MB_201907_19/DSCN3268c.JPG,,,,,,,
/home/filfy/Desktop/mattole_predict/MB_201907_19/DSCN3269a.JPG,,,,,,,
/home/filfy/Desktop/mattole_predict/MB_201907_19/DSCN3269b.JPG,,,,,,,
/home/filfy/Desktop/mattole_predict/MB_201907_19/DSCN3269c.JPG,,,,,,,
/home/filfy/Desktop/mattole_predict/MB_201907_19/DSCN3270a.JPG,,,,,,,
/home/filfy/Desktop/mattole_predict/MB_201907_19/DSCN3270b.JPG,,,,,,,
/home/filfy/Desktop/mattole_predict/MB_201907_19/DSCN3270c.JPG,,,,,,,
/home/filfy/Desktop/mattole_predict/MB_201907_19/DSCN3271a.JPG,,,,,,,
/home/filfy/Desktop/mattole_predict/MB_201907_19/DSCN3271b.JPG,,,,,,,
/home/filfy/Desktop/mattole_predict/MB_201907_19/DSCN3271c.JPG,,,,,,,
/home/filfy/Desktop/mattole_predict/MB_201907_19/DSCN3272a.JPG,,,,,,,
/home/filfy/Desktop/mattole_predict/MB_201907_19/DSCN3272b.JPG,,,,,,,
/home/filfy/Desktop/mattole_predict/MB_201907_19/DSCN3272c.JPG,,,,,,,
/home/filfy/Desktop/mattole_predict/MB_201907_19/DSCN3273a.JPG,,,,,,,
/home/filfy/Desktop/mattole_predict/MB_201907_19/DSCN3273b.JPG,,,,,,,
/home/filfy/Desktop/mattole_predict/MB_201907_19/DSCN3273c.JPG,,,,,,,
/home/filfy/Desktop/mattole_predict/MB_201907_19/DSCN3274a.JPG,,,,,,,
/home/filfy/Desktop/mattole_predict/MB_201907_19/DSCN3274b.JPG,,,,,,,
/home/filfy/Desktop/mattole_predict/MB_201907_19/DSCN3274c.JPG,,,,,,,
/home/filfy/Desktop/mattole_predict/MB_201907_19/DSCN3275a.JPG,,,,,,,
/home/filfy/Desktop/mattole_predict/MB_201907_19/DSCN3275b.JPG,,,,,,,
/home/filfy/Desktop/mattole_predict/MB_201907_19/DSCN3275c.JPG,,,,,,,
/home/filfy/Desktop/mattole_predict/MB_201907_19/DSCN3276a.JPG,,,,,,,
/home/filfy/Desktop/mattole_predict/MB_201907_19/DSCN3276b.JPG,,,,,,,
/home/filfy/Desktop/mattole_predict/MB_201907_19/DSCN3276c.JPG,,,,,,,
/home/filfy/Desktop/mattole_predict/MB_201907_19/DSCN3277a.JPG,,,,,,,
/home/filfy/Desktop/mattole_predict/MB_201907_19/DSCN3277b.JPG,,,,,,,
/home/filfy/Desktop/mattole_predict/MB_201907_19/DSCN3277c.JPG,,,,,,,
/home/filfy/Desktop/mattole_predict/MB_201907_20/DSCN3284a.JPG,,,,,,,
/home/filfy/Desktop/mattole_predict/MB_201907_20/DSCN3284b.JPG,,,,,,,
/home/filfy/Desktop/mattole_predict/MB_201907_20/DSCN3284c.JPG,,,,,,,
/home/filfy/Desktop/mattole_predict/MB_201907_20/DSCN3286a.JPG,,,,,,,
/home/filfy/Desktop/mattole_predict/MB_201907_20/DSCN3286b.JPG,,,,,,,
/home/filfy/Desktop/mattole_predict/MB_201907_20/DSCN3286c.JPG,,,,,,,
/home/filfy/Desktop/mattole_predict/MB_201907_20/DSCN3287a.JPG,,,,,,,
/home/filfy/Desktop/mattole_predict/MB_201907_20/DSCN3287b.JPG,,,,,,,
/home/filfy/Desktop/mattole_predict/MB_201907_20/DSCN3287c.JPG,,,,,,,
/home/filfy/Desktop/mattole_predict/MB_201907_20/DSCN3288a.JPG,,,,,,,
/home/filfy/Desktop/mattole_predict/MB_201907_20/DSCN3288b.JPG,,,,,,,
/home/filfy/Desktop/mattole_predict/MB_201907_20/DSCN3288c.JPG,,,,,,,
/home/filfy/Desktop/mattole_predict/MB_201907_20/DSCN3289a.JPG,,,,,,,
/home/filfy/Desktop/mattole_predict/MB_201907_20/DSCN3289b.JPG,,,,,,,
/home/filfy/Desktop/mattole_predict/MB_201907_20/DSCN3289c.JPG,,,,,,,
/home/filfy/Desktop/mattole_predict/MB_201907_20/DSCN3290a.JPG,,,,,,,
/home/filfy/Desktop/mattole_predict/MB_201907_20/DSCN3290b.JPG,,,,,,,
/home/filfy/Desktop/mattole_predict/MB_201907_20/DSCN3290c.JPG,,,,,,,
/home/filfy/Desktop/mattole_predict/MB_201907_20/DSCN3291a.JPG,,,,,,,
/home/filfy/Desktop/mattole_predict/MB_201907_20/DSCN3291b.JPG,,,,,,,
/home/filfy/Desktop/mattole_predict/MB_201907_20/DSCN3291c.JPG,,,,,,,
/home/filfy/Desktop/mattole_predict/MB_201907_20/DSCN3292a.JPG,,,,,,,
/home/filfy/Desktop/mattole_predict/MB_201907_20/DSCN3292b.JPG,,,,,,,
/home/filfy/Desktop/mattole_predict/MB_201907_20/DSCN3292c.JPG,,,,,,,
/home/filfy/Desktop/mattole_predict/MB_201907_20/DSCN3294a.JPG,,,,,,,
/home/filfy/Desktop/mattole_predict/MB_201907_20/DSCN3294b.JPG,,,,,,,
/home/filfy/Desktop/mattole_predict/MB_201907_20/DSCN3294c.JPG,,,,,,,
/home/filfy/Desktop/mattole_predict/MB_201907_20/DSCN3295a.JPG,,,,,,,
/home/filfy/Desktop/mattole_predict/MB_201907_20/DSCN3295b.JPG,,,,,,,
/home/filfy/Desktop/mattole_predict/MB_201907_20/DSCN3295c.JPG,,,,,,,
/home/filfy/Desktop/mattole_predict/MB_201907_21/DSCN3297a.JPG,,,,,,,
/home/filfy/Desktop/mattole_predict/MB_201907_21/DSCN3297b.JPG,,,,,,,
/home/filfy/Desktop/mattole_predict/MB_201907_21/DSCN3297c.JPG,,,,,,,
/home/filfy/Desktop/mattole_predict/MB_201907_21/DSCN3298a.JPG,,,,,,,
/home/filfy/Desktop/mattole_predict/MB_201907_21/DSCN3298b.JPG,,,,,,,
/home/filfy/Desktop/mattole_predict/MB_201907_21/DSCN3298c.JPG,,,,,,,
/home/filfy/Desktop/mattole_predict/MB_201907_21/DSCN3300a.JPG,,,,,,,
/home/filfy/Desktop/mattole_predict/MB_201907_21/DSCN3300b.JPG,,,,,,,
/home/filfy/Desktop/mattole_predict/MB_201907_21/DSCN3300c.JPG,,,,,,,
/home/filfy/Desktop/mattole_predict/MB_201907_21/DSCN3301a.JPG,,,,,,,
/home/filfy/Desktop/mattole_predict/MB_201907_21/DSCN3301b.JPG,,,,,,,
/home/filfy/Desktop/mattole_predict/MB_201907_21/DSCN3301c.JPG,,,,,,,
/home/filfy/Desktop/mattole_predict/MB_201907_21/DSCN3302a.JPG,,,,,,,
/home/filfy/Desktop/mattole_predict/MB_201907_21/DSCN3302b.JPG,,,,,,,
/home/filfy/Desktop/mattole_predict/MB_201907_21/DSCN3302c.JPG,,,,,,,
/home/filfy/Desktop/mattole_predict/MB_201907_21/DSCN3303a.JPG,,,,,,,
/home/filfy/Desktop/mattole_predict/MB_201907_21/DSCN3303b.JPG,,,,,,,
/home/filfy/Desktop/mattole_predict/MB_201907_21/DSCN3303c.JPG,,,,,,,
/home/filfy/Desktop/mattole_predict/MB_201907_22/DSCN3309a.JPG,,,,,,,
/home/filfy/Desktop/mattole_predict/MB_201907_22/DSCN3309b.JPG,,,,,,,
/home/filfy/Desktop/mattole_predict/MB_201907_22/DSCN3309c.JPG,,,,,,,
/home/filfy/Desktop/mattole_predict/MB_201907_22/DSCN3310a.JPG,,,,,,,
/home/filfy/Desktop/mattole_predict/MB_201907_22/DSCN3310b.JPG,,,,,,,
/home/filfy/Desktop/mattole_predict/MB_201907_22/DSCN3310c.JPG,,,,,,,
/home/filfy/Desktop/mattole_predict/MB_201907_22/DSCN3312a.JPG,,,,,,,
/home/filfy/Desktop/mattole_predict/MB_201907_22/DSCN3312b.JPG,,,,,,,
/home/filfy/Desktop/mattole_predict/MB_201907_22/DSCN3312c.JPG,,,,,,,
/home/filfy/Desktop/mattole_predict/MB_201907_22/DSCN3313a.JPG,,,,,,,
/home/filfy/Desktop/mattole_predict/MB_201907_22/DSCN3313b.JPG,,,,,,,
/home/filfy/Desktop/mattole_predict/MB_201907_22/DSCN3313c.JPG,,,,,,,
/home/filfy/Desktop/mattole_predict/MB_201907_22/DSCN3316a.JPG,,,,,,,
/home/filfy/Desktop/mattole_predict/MB_201907_22/DSCN3316b.JPG,,,,,,,
/home/filfy/Desktop/mattole_predict/MB_201907_22/DSCN3316c.JPG,,,,,,,
/home/filfy/Desktop/mattole_predict/MB_201907_22/DSCN3317a.JPG,,,,,,,
/home/filfy/Desktop/mattole_predict/MB_201907_22/DSCN3317b.JPG,,,,,,,
/home/filfy/Desktop/mattole_predict/MB_201907_22/DSCN3317c.JPG,,,,,,,
/home/filfy/Desktop/mattole_predict/MB_201907_22/DSCN3318a.JPG,,,,,,,
/home/filfy/Desktop/mattole_predict/MB_201907_22/DSCN3318b.JPG,,,,,,,
/home/filfy/Desktop/mattole_predict/MB_201907_22/DSCN3318c.JPG,,,,,,,
/home/filfy/Desktop/mattole_predict/MB_201907_22/DSCN3319a.JPG,,,,,,,
/home/filfy/Desktop/mattole_predict/MB_201907_22/DSCN3319b.JPG,,,,,,,
/home/filfy/Desktop/mattole_predict/MB_201907_22/DSCN3319c.JPG,,,,,,,
/home/filfy/Desktop/mattole_predict/MB_201907_23/DSCN3336a.JPG,,,,,,,
/home/filfy/Desktop/mattole_predict/MB_201907_23/DSCN3336b.JPG,,,,,,,
/home/filfy/Desktop/mattole_predict/MB_201907_23/DSCN3336c.JPG,,,,,,,
/home/filfy/Desktop/mattole_predict/MB_201907_23/DSCN3337a.JPG,,,,,,,
/home/filfy/Desktop/mattole_predict/MB_201907_23/DSCN3337b.JPG,,,,,,,
/home/filfy/Desktop/mattole_predict/MB_201907_23/DSCN3337c.JPG,,,,,,,
/home/filfy/Desktop/mattole_predict/MB_201907_23/DSCN3338a.JPG,,,,,,,
/home/filfy/Desktop/mattole_predict/MB_201907_23/DSCN3338b.JPG,,,,,,,
/home/filfy/Desktop/mattole_predict/MB_201907_23/DSCN3338c.JPG,,,,,,,
/home/filfy/Desktop/mattole_predict/MB_201907_23/DSCN3339a.JPG,,,,,,,
/home/filfy/Desktop/mattole_predict/MB_201907_23/DSCN3339b.JPG,,,,,,,
/home/filfy/Desktop/mattole_predict/MB_201907_23/DSCN3339c.JPG,,,,,,,
/home/filfy/Desktop/mattole_predict/MB_201907_23/DSCN3340a.JPG,,,,,,,
/home/filfy/Desktop/mattole_predict/MB_201907_23/DSCN3340b.JPG,,,,,,,
/home/filfy/Desktop/mattole_predict/MB_201907_23/DSCN3340c.JPG,,,,,,,
/home/filfy/Desktop/mattole_predict/MB_201907_23/DSCN3341a.JPG,,,,,,,
/home/filfy/Desktop/mattole_predict/MB_201907_23/DSCN3341b.JPG,,,,,,,
/home/filfy/Desktop/mattole_predict/MB_201907_23/DSCN3341c.JPG,,,,,,,
/home/filfy/Desktop/mattole_predict/MB_201907_24/DSCN3345a.JPG,,,,,,,
/home/filfy/Desktop/mattole_predict/MB_201907_24/DSCN3345b.JPG,,,,,,,
/home/filfy/Desktop/mattole_predict/MB_201907_24/DSCN3345c.JPG,,,,,,,
/home/filfy/Desktop/mattole_predict/MB_201907_24/DSCN3346a.JPG,,,,,,,
/home/filfy/Desktop/mattole_predict/MB_201907_24/DSCN3346b.JPG,,,,,,,
/home/filfy/Desktop/mattole_predict/MB_201907_24/DSCN3346c.JPG,,,,,,,
/home/filfy/Desktop/mattole_predict/MB_201907_24/DSCN3347a.JPG,,,,,,,
/home/filfy/Desktop/mattole_predict/MB_201907_24/DSCN3347b.JPG,,,,,,,
/home/filfy/Desktop/mattole_predict/MB_201907_24/DSCN3347c.JPG,,,,,,,
/home/filfy/Desktop/mattole_predict/MB_201907_24/DSCN3348a.JPG,,,,,,,
/home/filfy/Desktop/mattole_predict/MB_201907_24/DSCN3348b.JPG,,,,,,,
/home/filfy/Desktop/mattole_predict/MB_201907_24/DSCN3348c.JPG,,,,,,,
/home/filfy/Desktop/mattole_predict/MB_201907_24/DSCN3349a.JPG,,,,,,,
/home/filfy/Desktop/mattole_predict/MB_201907_24/DSCN3349b.JPG,,,,,,,
/home/filfy/Desktop/mattole_predict/MB_201907_24/DSCN3349c.JPG,,,,,,,
/home/filfy/Desktop/mattole_predict/MB_201907_24/DSCN3350a.JPG,,,,,,,
/home/filfy/Desktop/mattole_predict/MB_201907_24/DSCN3350b.JPG,,,,,,,
/home/filfy/Desktop/mattole_predict/MB_201907_24/DSCN3350c.JPG,,,,,,,
/home/filfy/Desktop/mattole_predict/MB_201907_24/DSCN3351a.JPG,,,,,,,
/home/filfy/Desktop/mattole_predict/MB_201907_24/DSCN3351b.JPG,,,,,,,
/home/filfy/Desktop/mattole_predict/MB_201907_24/DSCN3351c.JPG,,,,,,,
/home/filfy/Desktop/mattole_predict/MB_201907_24/DSCN3353a.JPG,,,,,,,
/home/filfy/Desktop/mattole_predict/MB_201907_24/DSCN3353b.JPG,,,,,,,
/home/filfy/Desktop/mattole_predict/MB_201907_24/DSCN3353c.JPG,,,,,,,
/home/filfy/Desktop/mattole_predict/MB_201907_25/DSCN3367a.JPG,,,,,,,
/home/filfy/Desktop/mattole_predict/MB_201907_25/DSCN3367b.JPG,,,,,,,
/home/filfy/Desktop/mattole_predict/MB_201907_25/DSCN3367c.JPG,,,,,,,
/home/filfy/Desktop/mattole_predict/MB_201907_25/DSCN3368a.JPG,,,,,,,
/home/filfy/Desktop/mattole_predict/MB_201907_25/DSCN3368b.JPG,,,,,,,
/home/filfy/Desktop/mattole_predict/MB_201907_25/DSCN3368c.JPG,,,,,,,
/home/filfy/Desktop/mattole_predict/MB_201907_25/DSCN3369a.JPG,,,,,,,
/home/filfy/Desktop/mattole_predict/MB_201907_25/DSCN3369b.JPG,,,,,,,
/home/filfy/Desktop/mattole_predict/MB_201907_25/DSCN3369c.JPG,,,,,,,
/home/filfy/Desktop/mattole_predict/MB_201907_25/DSCN3370a.JPG,,,,,,,
/home/filfy/Desktop/mattole_predict/MB_201907_25/DSCN3370b.JPG,,,,,,,
/home/filfy/Desktop/mattole_predict/MB_201907_25/DSCN3370c.JPG,,,,,,,
/home/filfy/Desktop/mattole_predict/MB_201907_25/DSCN3371a.JPG,,,,,,,
/home/filfy/Desktop/mattole_predict/MB_201907_25/DSCN3371b.JPG,,,,,,,
/home/filfy/Desktop/mattole_predict/MB_201907_25/DSCN3371c.JPG,,,,,,,
/home/filfy/Desktop/mattole_predict/MB_201907_25/DSCN3372a.JPG,,,,,,,
/home/filfy/Desktop/mattole_predict/MB_201907_25/DSCN3372b.JPG,,,,,,,
/home/filfy/Desktop/mattole_predict/MB_201907_25/DSCN3372c.JPG,,,,,,,
/home/filfy/Desktop/mattole_predict/MB_201907_25/DSCN3373a.JPG,,,,,,,
/home/filfy/Desktop/mattole_predict/MB_201907_25/DSCN3373b.JPG,,,,,,,
/home/filfy/Desktop/mattole_predict/MB_201907_25/DSCN3373c.JPG,,,,,,,
/home/filfy/Desktop/mattole_predict/MB_201907_25/DSCN3374a.JPG,,,,,,,
/home/filfy/Desktop/mattole_predict/MB_201907_25/DSCN3374b.JPG,,,,,,,
/home/filfy/Desktop/mattole_predict/MB_201907_25/DSCN3374c.JPG,,,,,,,
/home/filfy/Desktop/mattole_predict/MB_201907_26/DSCN3387a.JPG,,,,,,,
/home/filfy/Desktop/mattole_predict/MB_201907_26/DSCN3387b.JPG,,,,,,,
/home/filfy/Desktop/mattole_predict/MB_201907_26/DSCN3387c.JPG,,,,,,,
/home/filfy/Desktop/mattole_predict/MB_201907_26/DSCN3388a.JPG,,,,,,,
/home/filfy/Desktop/mattole_predict/MB_201907_26/DSCN3388b.JPG,,,,,,,
/home/filfy/Desktop/mattole_predict/MB_201907_26/DSCN3388c.JPG,,,,,,,
/home/filfy/Desktop/mattole_predict/MB_201907_26/DSCN3390a.JPG,,,,,,,
/home/filfy/Desktop/mattole_predict/MB_201907_26/DSCN3390b.JPG,,,,,,,
/home/filfy/Desktop/mattole_predict/MB_201907_26/DSCN3390c.JPG,,,,,,,
/home/filfy/Desktop/mattole_predict/MB_201907_26/DSCN3391a.JPG,,,,,,,
/home/filfy/Desktop/mattole_predict/MB_201907_26/DSCN3391b.JPG,,,,,,,
/home/filfy/Desktop/mattole_predict/MB_201907_26/DSCN3391c.JPG,,,,,,,
/home/filfy/Desktop/mattole_predict/MB_201907_26/DSCN3392a.JPG,,,,,,,
/home/filfy/Desktop/mattole_predict/MB_201907_26/DSCN3392b.JPG,,,,,,,
/home/filfy/Desktop/mattole_predict/MB_201907_26/DSCN3392c.JPG,,,,,,,
/home/filfy/Desktop/mattole_predict/MB_201907_26/DSCN3393a.JPG,,,,,,,
/home/filfy/Desktop/mattole_predict/MB_201907_26/DSCN3393b.JPG,,,,,,,
/home/filfy/Desktop/mattole_predict/MB_201907_26/DSCN3393c.JPG,,,,,,,
/home/filfy/Desktop/mattole_predict/MB_201907_26/DSCN3394a.JPG,,,,,,,
/home/filfy/Desktop/mattole_predict/MB_201907_26/DSCN3394b.JPG,,,,,,,
/home/filfy/Desktop/mattole_predict/MB_201907_26/DSCN3394c.JPG,,,,,,,
/home/filfy/Desktop/mattole_predict/MB_201907_26/DSCN3395a.JPG,,,,,,,
/home/filfy/Desktop/mattole_predict/MB_201907_26/DSCN3395b.JPG,,,,,,,
/home/filfy/Desktop/mattole_predict/MB_201907_26/DSCN3395c.JPG,,,,,,,
/home/filfy/Desktop/mattole_predict/MB_201907_27/DSCN3438a.JPG,,,,,,,
/home/filfy/Desktop/mattole_predict/MB_201907_27/DSCN3438b.JPG,,,,,,,
/home/filfy/Desktop/mattole_predict/MB_201907_27/DSCN3438c.JPG,,,,,,,
/home/filfy/Desktop/mattole_predict/MB_201907_27/DSCN3439a.JPG,,,,,,,
/home/filfy/Desktop/mattole_predict/MB_201907_27/DSCN3439b.JPG,,,,,,,
/home/filfy/Desktop/mattole_predict/MB_201907_27/DSCN3439c.JPG,,,,,,,
/home/filfy/Desktop/mattole_predict/MB_201907_27/DSCN3440a.JPG,,,,,,,
/home/filfy/Desktop/mattole_predict/MB_201907_27/DSCN3440b.JPG,,,,,,,
/home/filfy/Desktop/mattole_predict/MB_201907_27/DSCN3440c.JPG,,,,,,,
/home/filfy/Desktop/mattole_predict/MB_201907_27/DSCN3441a.JPG,,,,,,,
/home/filfy/Desktop/mattole_predict/MB_201907_27/DSCN3441b.JPG,,,,,,,
/home/filfy/Desktop/mattole_predict/MB_201907_27/DSCN3441c.JPG,,,,,,,
/home/filfy/Desktop/mattole_predict/MB_201907_27/DSCN3442a.JPG,,,,,,,
/home/filfy/Desktop/mattole_predict/MB_201907_27/DSCN3442b.JPG,,,,,,,
/home/filfy/Desktop/mattole_predict/MB_201907_27/DSCN3442c.JPG,,,,,,,
/home/filfy/Desktop/mattole_predict/MB_201907_27/DSCN3443a.JPG,,,,,,,
/home/filfy/Desktop/mattole_predict/MB_201907_27/DSCN3443b.JPG,,,,,,,
/home/filfy/Desktop/mattole_predict/MB_201907_27/DSCN3443c.JPG,,,,,,,
/home/filfy/Desktop/mattole_predict/MB_201907_28/DSCN3493a.JPG,,,,,,,
/home/filfy/Desktop/mattole_predict/MB_201907_28/DSCN3493b.JPG,,,,,,,
/home/filfy/Desktop/mattole_predict/MB_201907_28/DSCN3493c.JPG,,,,,,,
/home/filfy/Desktop/mattole_predict/MB_201907_28/DSCN3494a.JPG,,,,,,,
/home/filfy/Desktop/mattole_predict/MB_201907_28/DSCN3494b.JPG,,,,,,,
/home/filfy/Desktop/mattole_predict/MB_201907_28/DSCN3494c.JPG,,,,,,,
/home/filfy/Desktop/mattole_predict/MB_201907_28/DSCN3495a.JPG,,,,,,,
/home/filfy/Desktop/mattole_predict/MB_201907_28/DSCN3495b.JPG,,,,,,,
/home/filfy/Desktop/mattole_predict/MB_201907_28/DSCN3495c.JPG,,,,,,,
/home/filfy/Desktop/mattole_predict/MB_201907_28/DSCN3496a.JPG,,,,,,,
/home/filfy/Desktop/mattole_predict/MB_201907_28/DSCN3496b.JPG,,,,,,,
/home/filfy/Desktop/mattole_predict/MB_201907_28/DSCN3496c.JPG,,,,,,,
/home/filfy/Desktop/mattole_predict/MB_201907_28/DSCN3497a.JPG,,,,,,,
/home/filfy/Desktop/mattole_predict/MB_201907_28/DSCN3497b.JPG,,,,,,,
/home/filfy/Desktop/mattole_predict/MB_201907_28/DSCN3497c.JPG,,,,,,,
/home/filfy/Desktop/mattole_predict/MB_201907_29/DSCN3517a.JPG,,,,,,,
/home/filfy/Desktop/mattole_predict/MB_201907_29/DSCN3517b.JPG,,,,,,,
/home/filfy/Desktop/mattole_predict/MB_201907_29/DSCN3517c.JPG,,,,,,,
/home/filfy/Desktop/mattole_predict/MB_201907_29/DSCN3518a.JPG,,,,,,,
/home/filfy/Desktop/mattole_predict/MB_201907_29/DSCN3518b.JPG,,,,,,,
/home/filfy/Desktop/mattole_predict/MB_201907_29/DSCN3518c.JPG,,,,,,,
/home/filfy/Desktop/mattole_predict/MB_201907_29/DSCN3519a.JPG,,,,,,,
/home/filfy/Desktop/mattole_predict/MB_201907_29/DSCN3519b.JPG,,,,,,,
/home/filfy/Desktop/mattole_predict/MB_201907_29/DSCN3519c.JPG,,,,,,,
/home/filfy/Desktop/mattole_predict/MB_201907_29/DSCN3520a.JPG,,,,,,,
/home/filfy/Desktop/mattole_predict/MB_201907_29/DSCN3520b.JPG,,,,,,,
/home/filfy/Desktop/mattole_predict/MB_201907_29/DSCN3520c.JPG,,,,,,,
/home/filfy/Desktop/mattole_predict/MB_201907_29/DSCN3521a.JPG,,,,,,,
/home/filfy/Desktop/mattole_predict/MB_201907_29/DSCN3521b.JPG,,,,,,,
/home/filfy/Desktop/mattole_predict/MB_201907_29/DSCN3521c.JPG,,,,,,,
/home/filfy/Desktop/mattole_predict/MB_201907_29/DSCN3522a.JPG,,,,,,,
/home/filfy/Desktop/mattole_predict/MB_201907_29/DSCN3522b.JPG,,,,,,,
/home/filfy/Desktop/mattole_predict/MB_201907_29/DSCN3522c.JPG,,,,,,,
/home/filfy/Desktop/mattole_predict/MB_201907_29/DSCN3523a.JPG,,,,,,,
/home/filfy/Desktop/mattole_predict/MB_201907_29/DSCN3523b.JPG,,,,,,,
/home/filfy/Desktop/mattole_predict/MB_201907_29/DSCN3523c.JPG,,,,,,,
/home/filfy/Desktop/mattole_predict/MB_201907_29/DSCN3524a.JPG,,,,,,,
/home/filfy/Desktop/mattole_predict/MB_201907_29/DSCN3524b.JPG,,,,,,,
/home/filfy/Desktop/mattole_predict/MB_201907_29/DSCN3524c.JPG,,,,,,,
/home/filfy/Desktop/mattole_predict/MB_201907_30/DSCN3544a.JPG,,,,,,,
/home/filfy/Desktop/mattole_predict/MB_201907_30/DSCN3544b.JPG,,,,,,,
/home/filfy/Desktop/mattole_predict/MB_201907_30/DSCN3544c.JPG,,,,,,,
/home/filfy/Desktop/mattole_predict/MB_201907_30/DSCN3545a.JPG,,,,,,,
/home/filfy/Desktop/mattole_predict/MB_201907_30/DSCN3545b.JPG,,,,,,,
/home/filfy/Desktop/mattole_predict/MB_201907_30/DSCN3545c.JPG,,,,,,,
/home/filfy/Desktop/mattole_predict/MB_201907_30/DSCN3546a.JPG,,,,,,,
/home/filfy/Desktop/mattole_predict/MB_201907_30/DSCN3546b.JPG,,,,,,,
/home/filfy/Desktop/mattole_predict/MB_201907_30/DSCN3546c.JPG,,,,,,,
/home/filfy/Desktop/mattole_predict/MB_201907_30/DSCN3549a.JPG,,,,,,,
/home/filfy/Desktop/mattole_predict/MB_201907_30/DSCN3549b.JPG,,,,,,,
/home/filfy/Desktop/mattole_predict/MB_201907_30/DSCN3549c.JPG,,,,,,,
/home/filfy/Desktop/mattole_predict/MB_201907_30/DSCN3550a.JPG,,,,,,,
/home/filfy/Desktop/mattole_predict/MB_201907_30/DSCN3550b.JPG,,,,,,,
/home/filfy/Desktop/mattole_predict/MB_201907_30/DSCN3550c.JPG,,,,,,,
/home/filfy/Desktop/mattole_predict/MB_201907_30/DSCN3551a.JPG,,,,,,,
/home/filfy/Desktop/mattole_predict/MB_201907_30/DSCN3551b.JPG,,,,,,,
/home/filfy/Desktop/mattole_predict/MB_201907_30/DSCN3551c.JPG,,,,,,,
/home/filfy/Desktop/mattole_predict/MB_201907_30/DSCN3552a.JPG,,,,,,,
/home/filfy/Desktop/mattole_predict/MB_201907_30/DSCN3552b.JPG,,,,,,,
/home/filfy/Desktop/mattole_predict/MB_201907_30/DSCN3552c.JPG,,,,,,,
